<?xml version="1.0"?>
<info xmlns:xsi= "http://www.w3.org/2001/XMLSchema-instance"
      xsi:noNamespaceSchemaLocation="https://apps.nextcloud.com/schema/apps/info.xsd">
    <id>mailtemplatecreator</id>
    <name>Mail Template Creator</name>
    <summary>Mail template editor</summary>
    <description><![CDATA[My attempt at solving the lack of mail template creation]]></description>
    <version>0.0.1</version>
    <licence>agpl</licence>
    <author mail="avery@opeainc.com" >Avery Dickens II</author>
    <namespace>MailTemplateCreator</namespace>
    <category>tools</category>
    <bugs>http://www.opeainc.com</bugs>
    <dependencies>
        <nextcloud min-version="15" max-version="15"/>
    </dependencies>
    <navigations>
        <navigation>
            <name>Mail Template Creator</name>
            <route>mailtemplatecreator.page.index</route>
        </navigation>
    </navigations>
</info>
